{
    "name": "extv-casters",
    "version": "0.0.1",
    "nodecgDependency": ">0.4.0",
    "homepage": "http://www.extelevision.com/",
    "authors": [
        "Alex Pylyshyn <isodes@hotmail.com>",
        "Alex Van Camp <email@alexvan.camp>"
    ],
    "description": "Display a bar at the bottom of the screen with two names (used for commentators).",
    "resolutions": [
        "720p"
    ],
    "license": "MIT",
    "extension": {
        "express": false,
        "path": "index.js"
    }
}
